{"_timestamp":1.7785166473527312e+09,"_runtime":48,"train_loss":0.009961641766130925,"best_val_loss":0.008719765362911858,"_wandb":{"runtime":48},"_step":49,"val_loss":0.008719765362911858,"learning_rate":0.001,"train_accuracy":1,"epoch":50,"best_val_accuracy":1,"val_accuracy":1,"final_test_accuracy":1}